timestamp,variant,profile,rep,prompt_n,prompt_ms,prompt_per_second,predicted_n,predicted_ms,predicted_per_second,draft_accept,error
2026-07-14T14:28:54Z,nmax1,startup,0,,,,,,,,"spawn failed"
2026-07-14T14:28:58Z,nmax2,startup,0,,,,,,,,"spawn failed"
2026-07-14T14:29:03Z,nmax3,startup,0,,,,,,,,"spawn failed"
2026-07-14T14:29:07Z,nmax4,startup,0,,,,,,,,"spawn failed"
2026-07-14T14:29:12Z,nmax5,startup,0,,,,,,,,"spawn failed"
2026-07-14T14:29:16Z,nmax6,startup,0,,,,,,,,"spawn failed"
2026-07-14T14:34:29Z,nmax1,warmup,0,19,123.151,154.28214143612314,16,478.619,33.42951282753087,1,
2026-07-14T14:34:31Z,nmax1,pp_8k,1,9001,14280.969,630.2793598949763,1,0.001,1000000.0,,
2026-07-14T14:34:46Z,nmax1,pp_8k,2,9001,14255.108,631.4227854324218,1,0.001,1000000.0,,
2026-07-14T14:35:02Z,nmax1,tg,1,19,111.052,171.09102042286497,256,4409.88,58.051466253049966,0.8613138686131386,
2026-07-14T14:35:08Z,nmax1,tg,2,19,113.722,167.07409296354268,256,4554.174,56.212169319837145,0.8345323741007195,
2026-07-14T14:35:14Z,nmax1,tg,3,19,113.205,167.83710966830088,256,4467.745,57.299599686195165,0.8613138686131386,
2026-07-14T14:35:20Z,nmax1,reason,1,76,214.308,354.6297851690091,1024,16926.848,60.495610287278524,0.972972972972973,
2026-07-14T14:35:38Z,nmax1,reason,2,76,217.358,349.6535669264531,1024,17049.026,60.06208213888581,0.963531669865643,
2026-07-14T14:36:27Z,nmax2,warmup,0,19,122.579,155.00208029107762,16,233.207,68.6085752142946,0.8181818181818182,
2026-07-14T14:36:29Z,nmax2,pp_8k,1,9001,14418.545,624.2654858725343,1,0.001,1000000.0,,
2026-07-14T14:36:45Z,nmax2,pp_8k,2,9001,14443.354,623.1932001389705,1,0.001,1000000.0,,
2026-07-14T14:37:00Z,nmax2,tg,1,19,114.181,166.40246625971048,256,4049.083,63.22419174909479,0.7028301886792453,
2026-07-14T14:37:06Z,nmax2,tg,2,19,112.991,168.15498579532883,256,4086.922,62.63882697051718,0.6981132075471698,
2026-07-14T14:37:11Z,nmax2,tg,3,19,115.047,165.149895260198,256,4421.159,57.90336877728216,0.6069868995633187,
2026-07-14T14:37:17Z,nmax2,reason,1,76,222.901,340.95854213305455,1024,13679.583,74.85608296685652,0.9381153305203939,
2026-07-14T14:37:32Z,nmax2,reason,2,76,215.388,352.85159804631644,1024,13890.495,73.71947507990176,0.924791086350975,
2026-07-14T14:38:17Z,nmax3,warmup,0,19,127.07,149.52388447312507,16,1195.833,13.37979467032604,0.8333333333333334,
2026-07-14T14:38:19Z,nmax3,pp_8k,1,9001,14772.945,609.2894815488719,1,0.001,1000000.0,,
2026-07-14T14:38:35Z,nmax3,pp_8k,2,9001,14721.247,611.4291812371603,1,0.001,1000000.0,,
2026-07-14T14:38:51Z,nmax3,tg,1,19,113.938,166.75735926556547,256,4487.205,57.05110419515044,0.5306122448979592,
2026-07-14T14:38:57Z,nmax3,tg,2,19,120.524,157.64495038332615,256,4362.916,58.676353154633276,0.554006968641115,
2026-07-14T14:39:03Z,nmax3,tg,3,19,113.113,167.97361930105293,256,4665.089,54.87569476166478,0.5133333333333333,
2026-07-14T14:39:09Z,nmax3,reason,1,76,218.259,348.21015399135894,1024,12902.001,79.36753376472377,0.8769230769230769,
2026-07-14T14:39:23Z,nmax3,reason,2,76,212.955,356.88290953487825,1024,12744.129,80.35072463563418,0.9054545454545454,
2026-07-14T14:40:08Z,nmax4,warmup,0,19,131.869,144.08238479096678,16,1373.416,11.649784187747922,0.7857142857142857,
2026-07-14T14:40:11Z,nmax4,pp_8k,1,9001,14632.744,615.127278930049,8,131.874,60.663967120129826,1,
2026-07-14T14:40:27Z,nmax4,pp_8k,2,9001,14563.45,618.054101191682,8,133.241,60.041578793314365,1,
2026-07-14T14:40:43Z,nmax4,tg,1,19,113.861,166.8701311247925,256,6060.265,42.242377189776356,0.3076923076923077,
2026-07-14T14:40:51Z,nmax4,tg,2,19,119.928,158.42839036755387,256,4698.202,54.488930020463144,0.46218487394957986,
2026-07-14T14:40:57Z,nmax4,tg,3,19,116.781,162.69769911201308,256,5895.013,43.42653697286164,0.3098901098901099,
2026-07-14T14:41:04Z,nmax4,reason,1,76,218.555,347.73855551234243,1024,12380.513,82.71062758061802,0.8409818569903948,
2026-07-14T14:41:18Z,nmax4,reason,2,76,217.162,349.96914745673735,1024,12117.795,84.50382268391238,0.8599348534201955,
2026-07-14T14:42:05Z,nmax5,warmup,0,19,126.465,150.2391966156644,16,1496.064,10.69472963723477,0.7333333333333333,
2026-07-14T14:42:08Z,nmax5,pp_8k,1,9001,14694.537,612.5405652454378,8,128.67,62.174555063340335,1,
2026-07-14T14:42:24Z,nmax5,pp_8k,2,9001,14792.576,608.4809028528906,8,132.387,60.428894075702296,1,
2026-07-14T14:42:40Z,nmax5,tg,1,19,115.942,163.87504096876026,256,6469.734,39.568860172612965,0.2693726937269373,
2026-07-14T14:42:48Z,nmax5,tg,2,19,112.97,168.18624413561122,256,4167.845,61.4226296803264,0.5331412103746398,
2026-07-14T14:42:54Z,nmax5,tg,3,19,113.676,167.14170097470003,256,5856.207,43.71430176563089,0.31901840490797545,
2026-07-14T14:43:01Z,nmax5,reason,1,76,218.923,347.1540221904505,1024,12325.424,83.08030620285355,0.8003913894324853,
2026-07-14T14:43:15Z,nmax5,reason,2,76,215.735,352.2840521936635,1024,12414.34,82.48525495515669,0.7922330097087379,
2026-07-14T14:43:43Z,nmax6,warmup,0,19,126.83,149.80682803753055,16,924.062,17.314855496709097,0.7058823529411765,
2026-07-14T14:43:45Z,nmax6,pp_8k,1,9001,14717.246,611.5954031073477,8,108.592,73.67025195226168,1,
2026-07-14T14:44:01Z,nmax6,pp_8k,2,9001,14693.132,612.5991381551598,8,109.175,73.2768490954889,1,
2026-07-14T14:44:17Z,nmax6,tg,1,19,114.382,166.1100522809533,256,2637.096,97.07648109890576,0.9473684210526315,
2026-07-14T14:44:21Z,nmax6,tg,2,19,116.308,163.35935619217935,256,2594.061,98.68696225724838,0.96875,
2026-07-14T14:44:25Z,nmax6,tg,3,19,113.577,167.28739093302343,256,2599.659,98.47445376489762,0.9559471365638766,
2026-07-14T14:44:29Z,nmax6,reason,1,76,212.937,356.91307757693585,1024,13130.971,77.98357029346877,0.7272727272727273,
2026-07-14T14:44:44Z,nmax6,reason,2,76,213.864,355.36602700781805,1024,12447.297,82.26685681236657,0.7767527675276753,
